name,hash,c
Swag,fb860439e943edb61e2f3d18af454f74,58
Dorie,150a9a57eada983381ab456d994d09b3,53
13rror,97af539f230a872f826c8f8e3d26d510,29
KindaOrnny,46b848f29d316daad219178538f153ae,20
PHX_Aldebaran,a3163485d7949b665f448b0c5aac66de,7
GeneralZod,df2de36da171c89ed35af0f55991768b,7
AceArtifact,04f26ccba8cd87ac3fb6226abbde5c87,5
Tousan,cf888919a38c1181607a374a85e722b2,3
