name,hash,d
Swag,fb860439e943edb61e2f3d18af454f74,55
PHX_Aldebaran,a3163485d7949b665f448b0c5aac66de,54
GeneralZod,df2de36da171c89ed35af0f55991768b,36
Dorie,150a9a57eada983381ab456d994d09b3,13
13rror,97af539f230a872f826c8f8e3d26d510,12
AceArtifact,04f26ccba8cd87ac3fb6226abbde5c87,6
Tousan,cf888919a38c1181607a374a85e722b2,5
KindaOrnny,46b848f29d316daad219178538f153ae,3
